Page;Content;Importance
1;"üö¢ Slide 1 ‚Äì Grundlagen der Schifffahrt (Level 4) ‚Ä¢ 
Definition von Schifffahrt und deren historische Entwicklung 
‚Ä¢ 
Unterscheidung zwischen Binnen-, K√ºsten- und Hochseeschifffahrt 
‚Ä¢ 
Globale Verteilung der Hauptschifffahrtsrouten 
‚Ä¢ 
Bedeutung der Schifffahrt im internationalen G√ºterverkehr 
‚Ä¢ 
Klassifizierung von Schiffstypen: Tanker, Bulker, RoRo, Feeder 
‚Ä¢ 
Wichtigste Flaggenstaaten und deren Bedeutung 
‚Ä¢ 
Einfluss der Schifffahrt auf die Weltwirtschaft 
‚Ä¢ 
Reedereistrukturen und Chartermodelle 
‚Ä¢ 
Aufbau eines Containerschiffes (Deck, Laderaum, Br√ºcke, Maschinenraum) 
‚Ä¢ 
Funktionsweise von Schleusen und Kan√§len (z.‚ÄâB. Suez, Panama) 
‚Ä¢ 
Technische Kennzahlen: TEU, DWT, GT 
‚Ä¢ 
√úberblick √ºber weltgr√∂√üte Hafenanlagen (z.‚ÄâB. Shanghai, Rotterdam) 
‚Ä¢ 
Navigation mit Radar, GPS und AIS 
‚Ä¢ 
Internationale Konventionen (z.‚ÄâB. SOLAS, MARPOL) 
‚Ä¢ 
Aufgaben der IMO und nationaler Schifffahrtsbeh√∂rden 
‚Ä¢ 
Herausforderungen durch Umweltvorgaben (z.‚ÄâB. IMO 2020) 
‚Ä¢ 
Rolle von Lotsen in Hafeneinfahrten 
‚Ä¢ 
Hafenlogistik und Umschlagsprozesse 
‚Ä¢ 
Bedeutung der ‚ÄûLast Mile‚Äú im Kombiverkehr 
‚Ä¢ 
Einordnung von Seetransport in multimodale Lieferketten";1
2;"Slide 2 ‚Äì Containerlogistik und Hafenbetrieb ‚Ä¢ 
Verschiedene Containergr√∂√üen (20ft, 40ft, High Cube, Open Top) 
‚Ä¢ 
TEU und FEU als Standardma√üe 
‚Ä¢ 
Containerumschlag im Terminal 
‚Ä¢ 
Krantypen: Ship-to-Shore, RTG, Straddle Carrier 
‚Ä¢ 
Ablauf der Ein- und Ausschiffung 
‚Ä¢ 
Bedeutung von Free Trade Zones 
‚Ä¢ 
Gate-Management und Yard-Planung 
‚Ä¢ 
Automatisierte Hafenlogistik 
‚Ä¢ 
Rolle von Logistikdienstleistern 
‚Ä¢ 
Import-/Exportzollabwicklung 
‚Ä¢ 
Tracking und Tracing via RFID und IoT 
‚Ä¢ 
Containerverfolgungssysteme 
‚Ä¢ 
Gefahrgutabwicklung und -kennzeichnung 
‚Ä¢ 
Abfertigungszeiten und KPIs im Terminalbetrieb 
‚Ä¢ 
Container Cleaning und Instandhaltung 
‚Ä¢ 
Reefer-Container f√ºr K√ºhltransporte 
‚Ä¢ 
Umladung und Transshipment-Konzepte 
‚Ä¢ 
Einfluss von Streiks oder Wetter auf den Betrieb 
‚Ä¢ 
Hafenkooperationen (Hinterlandverkehr) 
‚Ä¢ 
Digitalisierung im Containerumschlag";1
3;"Slide 3 ‚Äì Sicherheit auf See und Regularien ‚Ä¢ 
SOLAS: Inhalt und Bedeutung 
‚Ä¢ 
ISM-Code: Struktur und Umsetzung 
‚Ä¢ 
Sicherheitsausr√ºstung: Rettungsboote, Schwimmwesten, Feuerl√∂scher 
‚Ä¢ 
Brandbek√§mpfungsma√ünahmen an Bord 
‚Ä¢ 
Evakuierungspl√§ne und Notfall√ºbungen 
‚Ä¢ 
Sicherheitsinspektionen durch Port State Control 
‚Ä¢ 
Blacklist und Whitelist f√ºr Flaggenstaaten 
‚Ä¢ 
Hafensicherheitscode (ISPS) 
‚Ä¢ 
Sicherheitszonen in Hochrisikogebieten 
‚Ä¢ 
Ma√ünahmen gegen Piraterie 
‚Ä¢ 
Sicherheitsprotokolle bei Gefahrgut 
‚Ä¢ 
Versicherungsarten: Havarie-Grosse, P&I 
‚Ä¢ 
Arbeitszeitregelungen nach MLC 
‚Ä¢ 
Unfallstatistiken und Ursachenforschung 
‚Ä¢ 
Sicherheitszertifikate und Audits 
‚Ä¢ 
Schiffszulassungsverfahren 
‚Ä¢ 
Notfallkommunikationssysteme 
‚Ä¢ 
Unfallvermeidung durch Crewtraining 
‚Ä¢ 
Monitoring durch Satelliten 
‚Ä¢ 
Einfluss von Seerechtskonflikten";1
4;"Slide 4 ‚Äì Technik und Navigation ‚Ä¢ 
Aufbau eines Schiffsmotors 
‚Ä¢ 
Dieselmotoren vs. LNG-Antrieb 
‚Ä¢ 
Schiffspropellerarten 
‚Ä¢ 
Ruderanlage und Man√∂vrierhilfen 
‚Ä¢ 
Generatoren und Stromnetze an Bord 
‚Ä¢ 
Ballastwassermanagementsysteme 
‚Ä¢ 
Radar, Sonar und Echosounder 
‚Ä¢ 
Navigationssoftware (ECDIS, GPS, AIS) 
‚Ä¢ 
Autopilot und Kurssteuerung 
‚Ä¢ 
Wetteranalyse und Routingsoftware 
‚Ä¢ 
Energieeffizienz-Ma√ünahmen 
‚Ä¢ 
Maschinenraum√ºberwachung 
‚Ä¢ 
Condition Monitoring 
‚Ä¢ 
Drohnen f√ºr Inspektionen 
‚Ä¢ 
Tank- und Pumpensysteme 
‚Ä¢ 
Tankreinigungssysteme 
‚Ä¢ 
Entsorgungseinrichtungen (√ñl, Abwasser) 
‚Ä¢ 
Brandschutzsysteme in Technikr√§umen 
‚Ä¢ 
Lotsenassistenzsysteme 
‚Ä¢ 
Technische Wartungspl√§ne";1
5;"Slide 5 ‚Äì Wirtschaftliche Aspekte der Schifffahrt ‚Ä¢ 
Chartermodelle: Bareboat, Time, Voyage 
‚Ä¢ 
Marktmechanismen f√ºr Frachtraten 
‚Ä¢ 
Bedeutung des Baltic Dry Index 
‚Ä¢ 
Spotmarkt vs. Langfristvertr√§ge 
‚Ä¢ 
Bunkerpreise und Zuschl√§ge 
‚Ä¢ 
Hafen- und Liegeplatzgeb√ºhren 
‚Ä¢ 
Schiffsbetriebskosten (OPEX) 
‚Ä¢ 
Schiffsfinanzierung (Leasing, Kreditmodelle) 
‚Ä¢ 
Versicherungen: Kasko, P&I, Cargo 
‚Ä¢ 
Einfluss der Konjunktur auf Seehandel 
‚Ä¢ 
Subventionen und staatliche Programme 
‚Ä¢ 
Bedeutung von Schifffahrtsclustern 
‚Ä¢ 
Steuerliche Aspekte in Flaggenstaaten 
‚Ä¢ 
Marktanalysen durch Reedereien 
‚Ä¢ 
Konsolidierung in der Branche 
‚Ä¢ 
Preisbildungsmechanismen 
‚Ä¢ 
Rolle von Maklern 
‚Ä¢ 
Finanzierung durch Schiffsfonds 
‚Ä¢ 
Wirtschaftliche Risiken: Leerfahrten, Sanktionen 
‚Ä¢ 
Kapazit√§tsplanung und Nachfrageschwankungen";1
