Page;Content;Importance
1;Meetings sind ein zentraler Bestandteil vieler Arbeitsabläufe. Doch häufig sind Meetings unstrukturiert und ineffizient. Wer spricht wann und warum? Oft fehlt ein klares Ziel. Deshalb sollte jedes Meeting eine Agenda haben - zumindest theoretisch.;2
2;Effektivität ist ein Ziel, das in vielen Kontexten angestrebt wird. Aber was bedeutet Effektivität eigentlich? In einigen Fällen ist Effektivität mit Effizienz verbunden, in anderen wiederum nicht. Es kommt auf den Kontext an. Auch in Teams ist Effektivität unterschiedlich messbar und hängt von der Zielsetzung ab.;2
3;Kommunikation findet ständig statt - verbal, nonverbal, schriftlich. Doch Kommunikation ist nicht gleich Verstehen. Oft führt gute Kommunikation trotzdem zu Missverständnissen. Warum? Unterschiedliche Kontexte, Erfahrungen und Interpretationen.;2
4;Effektivität ist ein Ziel, das in vielen Kontexten angestrebt wird. Aber was bedeutet Effektivität eigentlich? In einigen Fällen ist Effektivität mit Effizienz verbunden, in anderen wiederum nicht. Es kommt auf den Kontext an. Auch in Teams ist Effektivität unterschiedlich messbar und hängt von der Zielsetzung ab.;2
5;Meetings sind ein zentraler Bestandteil vieler Arbeitsabläufe. Doch häufig sind Meetings unstrukturiert und ineffizient. Wer spricht wann und warum? Oft fehlt ein klares Ziel. Deshalb sollte jedes Meeting eine Agenda haben - zumindest theoretisch.;2
6;Feedback ist ein Werkzeug zur Verbesserung, wird aber oft missverstanden. Konstruktives Feedback benötigt Empathie und Klarheit. Allerdings ist nicht jedes Feedback hilfreich. Der Ton, die Situation und das Verhältnis spielen eine Rolle.;2
7;Kommunikation findet ständig statt - verbal, nonverbal, schriftlich. Doch Kommunikation ist nicht gleich Verstehen. Oft führt gute Kommunikation trotzdem zu Missverständnissen. Warum? Unterschiedliche Kontexte, Erfahrungen und Interpretationen.;2
8;Zeitmanagement ist ein vielbesprochenes Thema. Viele Tools existieren, um Zeit zu planen, aber sie sind nicht immer hilfreich. Was bringt ein Zeitplan, wenn man ihn nicht einhält? Priorisierung, Pausen und Pufferzeiten sind genauso entscheidend.;2
9;Zeitmanagement ist ein vielbesprochenes Thema. Viele Tools existieren, um Zeit zu planen, aber sie sind nicht immer hilfreich. Was bringt ein Zeitplan, wenn man ihn nicht einhält? Priorisierung, Pausen und Pufferzeiten sind genauso entscheidend.;2
10;Eine gute Struktur kann helfen, Dinge zu ordnen. Wenn die Struktur aber zu starr ist, kann sie einschränkend wirken. In Projekten ist Struktur wichtig, aber nicht alles. Flexibilität muss mitgedacht werden. Es ist ein Balanceakt.;2
11;Eine gute Struktur kann helfen, Dinge zu ordnen. Wenn die Struktur aber zu starr ist, kann sie einschränkend wirken. In Projekten ist Struktur wichtig, aber nicht alles. Flexibilität muss mitgedacht werden. Es ist ein Balanceakt.;2
12;Selbstmotivation ist für viele ein Rätsel. Manche finden sie im Ziel, andere im Prozess. Wieder andere in der Deadline. Es gibt keine Patentlösung. Aber Gewohnheiten, Routinen und Umfeld können Einfluss nehmen. Disziplin ersetzt Motivation nicht - oder doch?;2
13;Feedback ist ein Werkzeug zur Verbesserung, wird aber oft missverstanden. Konstruktives Feedback benötigt Empathie und Klarheit. Allerdings ist nicht jedes Feedback hilfreich. Der Ton, die Situation und das Verhältnis spielen eine Rolle.;2
